TURNO;LINHA;TIPO DE VIAGEM;BAIRRO;PONTO DE PASSAGEM;PARADA
ADM;LINHA 01;IDA;RIBAMAR;AV. GONÇALVES DIAS;CAMPINA – QUADRA DE ESPORTE
ADM;LINHA 01;IDA;RIBAMAR;AV. GONÇALVES DIAS;PRAÇA DO CEMITÉRIO
ADM;LINHA 01;IDA;CRUZEIRO;AV. GONÇALVES DIAS;LOJAS SANTA MARIA
ADM;LINHA 01;IDA;MOROPOIA;AV. GONÇALVES DIAS;FAROL – MARANHENSE
ADM;LINHA 01;IDA;VILA DOUTOR JULINHO;EST. DE RIBAMAR - MA 201;OUTEIRO
ADM;LINHA 01;IDA;VILA DOUTOR JULINHO;EST. DE RIBAMAR - MA 201;LICEU RIBAMARENSE
ADM;LINHA 01;IDA;VILA DOUTOR JULINHO;EST. DE RIBAMAR - MA 201;PRAÇA VERDE
ADM;LINHA 01;IDA;PAU DEITADO;AV. PRINCIPAL;IGREJA CATOLICA
ADM;LINHA 01;IDA;PIÇARREIRA;EST. DE RIBAMAR - MA 201;POSTO MARACAJÁ
ADM;LINHA 01;IDA;PIÇARREIRA;EST. DE RIBAMAR - MA 201;PARADA OBRIGATORIA
ADM;LINHA 01;IDA;PIÇARREIRA;EST. DE RIBAMAR - MA 201;CONDOMINIO MARGARETH ALENCAR
ADM;LINHA 01;IDA;PINDAI;EST. DE RIBAMAR - MA 201;COMERCIAL LELECA
ADM;LINHA 01;IDA;PORTAL DO PAÇO;EST. DE RIBAMAR - MA 201;POSTO OTON
ADM;LINHA 01;IDA;RIO SÃO JOAO;EST. DE RIBAMAR - MA 201;PORTAL DO PAÇO
ADM;LINHA 01;IDA;LARANJAL;EST. DE RIBAMAR - MA 201;IGREJA DO RIO SÃO JOÃO
ADM;LINHA 01;IDA;LARANJAL;EST. DE RIBAMAR - MA 201;ENTRADA DO CONDOMINIO TRACOÁ
ADM;LINHA 01;VOLTA;RIO SÃO JOAO;EST. DE RIBAMAR - MA 201;ENTRADA DO CONDOMINIO TRACOÁ
ADM;LINHA 01;VOLTA;RIO SÃO JOAO;EST. DE RIBAMAR - MA 201;IGREJA DO RIO SÃO JOÃO
ADM;LINHA 01;VOLTA;RIO SÃO JOAO;EST. DE RIBAMAR - MA 201;PORTAL DO PAÇO
ADM;LINHA 01;VOLTA;PORTAL DO PAÇO;EST. DE RIBAMAR - MA 201;POSTO OTON
ADM;LINHA 01;VOLTA;PINDAI;EST. DE RIBAMAR - MA 201;COMERCIAL LELECA
ADM;LINHA 01;VOLTA;PIÇARREIRA;EST. DE RIBAMAR - MA 201;CONDOMINIO MARGARETH ALENCAR
ADM;LINHA 01;VOLTA;PIÇARREIRA;EST. DE RIBAMAR - MA 201;PARADA OBRIGATORIA
ADM;LINHA 01;VOLTA;PIÇARREIRA;EST. DE RIBAMAR - MA 201;POSTO MARACAJÁ
ADM;LINHA 01;VOLTA;PAU DEITADO;AV. PRINCIPAL;IGREJA CATOLICA
ADM;LINHA 01;VOLTA;VILA DOUTOR JULINHO;EST. DE RIBAMAR - MA 201;PRAÇA VERDE
ADM;LINHA 01;VOLTA;VILA DOUTOR JULINHO;EST. DE RIBAMAR - MA 201;LICEU RIBAMARENSE
ADM;LINHA 01;VOLTA;VILA DOUTOR JULINHO;EST. DE RIBAMAR - MA 201;OUTEIRO
ADM;LINHA 01;VOLTA;MOROPOIA;AV. GONÇALVES DIAS;FAROL – MARANHENSE
ADM;LINHA 01;VOLTA;CRUZEIRO;AV. GONÇALVES DIAS;LOJAS SANTA MARIA
ADM;LINHA 01;VOLTA;RIBAMAR;AV. GONÇALVES DIAS;PRAÇA DO CEMITÉRIO
ADM;LINHA 02;IDA;COHASERMA;R. 09;PONTO FINAL COHAMA
ADM;LINHA 02;IDA;COHASERMA;AV. BETA;PANIFICADORA BACUTE
ADM;LINHA 02;IDA;PARQUE ATENAS;AV. BETA;ATHENAS PARK II
ADM;LINHA 02;IDA;ALTO DO CALHAU;R. 06;EM FRENTE A CASA 17
ADM;LINHA 02;IDA;ALTO DO CALHAU;R. 06;COND. SPACE
ADM;LINHA 02;IDA;ALTO DO CALHAU;R. UM;COMERCIAL VEM QUE TEM
ADM;LINHA 02;IDA;VINHAIS;R. 10 ;EM FRENTE A CASA 21
ADM;LINHA 02;IDA;VINHAIS;R. 10 ;BENDITO BAR - ATRAS DA CAEMA
ADM;LINHA 02;IDA;VINHAIS;R. UM;BAR NOSSO CANTO
ADM;LINHA 02;IDA;VINHAIS;R. DO ARAME;EM FRENTE AO FRIO FORT
ADM;LINHA 02;IDA;VINHAIS;R. DO ARAME;PRAÇA DO LETRADO
ADM;LINHA 02;IDA;VINHAIS;VIVA VINHAIS;EM FRENTE AO COLÉGIO
ADM;LINHA 02;IDA;VINHAIS;VIVA VINHAIS;EM FRENTE A PAPELARIA VERTGÊ
ADM;LINHA 02;IDA;RECANTO VINHAIS;AV. ANTARES ;SHOPPING DA LIMPEZA
ADM;LINHA 02;IDA;RECANTO VINHAIS;AV. ANTARES ;GALETERIA ANTARES
ADM;LINHA 02;IDA;RECANTO VINHAIS;AV. ANTARES ;ESQUINA DA RUA 03
ADM;LINHA 02;IDA;RECANTO VINHAIS;FINAL DA R. 03;CASA 20
ADM;LINHA 02;VOLTA;RECANTO VINHAIS;FINAL DA R. 03;CASA 20
ADM;LINHA 02;VOLTA;RECANTO VINHAIS;AV. ANTARES ;ESQUINA DA RUA 03
ADM;LINHA 02;VOLTA;RECANTO VINHAIS;EST. NOVA DO VINHAIS;GALETERIA ANTARES
ADM;LINHA 02;VOLTA;RECANTO VINHAIS;EST. NOVA DO VINHAIS;SHOPPING DA LIMPEZA
ADM;LINHA 02;VOLTA;RECANTO VINHAIS;EST. NOVA DO VINHAIS;PIZZARIA BELLA NAPOLI
ADM;LINHA 02;VOLTA;RECANTO VINHAIS;R. URANO;EM FRENTE A PAPELARIA VERTGÊ
ADM;LINHA 02;VOLTA;VINHAIS;AV. ANTARES ;PRAÇA DO LETRADO
ADM;LINHA 02;VOLTA;VINHAIS;AV. 01;EM FRENTE AO FRIO FORT
ADM;LINHA 02;VOLTA;VINHAIS;R. HEITOR AUGUSTO;BAR NOSSO CANTO
ADM;LINHA 02;VOLTA;VINHAIS;R. 10 ;BENDITO BAR - ATRAS DA CAEMA
ADM;LINHA 02;VOLTA;VINHAIS;R. 01;EM FRENTE A CASA 21
ADM;LINHA 02;VOLTA;PARK ATENAS;R. DUQUE BARCELAR;COMERCIAL VEM QUE TEM
ADM;LINHA 02;VOLTA;PARK ATENAS;AV. BETA;EM FRENTE A CASA 17
ADM;LINHA 02;VOLTA;COHAMA;AV. BETA;EM FRENTE AOS LANCHES
ADM;LINHA 02;VOLTA;COHAMA;R. OITO;ATHENAS PARK II
ADM;LINHA 02;VOLTA;COHAMA;AV. BETA;PANIFICADORA BACUTE
ADM;LINHA 02;VOLTA;COHAMA;R. 09;PONTO FINAL COHAMA
ADM;LINHA 03;IDA;COHAMA;R. DO ARIRIZAL;COND. DITALLI
ADM;LINHA 03;IDA;COHAMA;R. DO ARIRIZAL;COND. GREEN BLUE
ADM;LINHA 03;IDA;COHAMA;R. DO ARIRIZAL;COND. VILLAGE DAS PALMEIRAS
ADM;LINHA 03;IDA;COHAMA;R. DO ARIRIZAL;DIMENSÃO ENGENHARIA
ADM;LINHA 03;IDA;RESIDENCIAL ARARAS;AV. UM;COMERCIAL PADILHA
ADM;LINHA 03;IDA;RESIDENCIAL ARARAS;R. JACKSON LAGO;RUA JACKSON LAGO COM BOA ESPERANÇA
ADM;LINHA 03;IDA;RESIDENCIAL PINHEIROS;TRAVESSA BOA ESPERANÇA;OFICINA SERGLAUTO CAR
ADM;LINHA 03;IDA;RESIDENCIAL PINHEIROS;TRAVESSA BOA ESPERANÇA;CONDOMINIO BOA ESPERANÇA
ADM;LINHA 03;IDA;RESIDENCIAL PINHEIROS;R. BOA ESPERANÇA;CONDOMINIO GRAPHOS
ADM;LINHA 03;IDA;RESIDENCIAL PINHEIROS;R. BOA ESPERANÇA;CONDOMINIO ZEUS
ADM;LINHA 03;IDA;RESIDENCIAL PINHEIROS;R. BOA ESPERANÇA;MERCADINHO PÃO E CIA ENTRADA DA AV. O2
ADM;LINHA 03;IDA;RESIDENCIAL PINHEIROS;AV. UM;DEPOSITO DE ÁGUA
ADM;LINHA 03;IDA;RESIDENCIAL PINHEIROS;AV. UM;PANIFICADORA PINHEIRO
ADM;LINHA 03;IDA;MARANHÃO NOVO;DANIEL DE LA TOUCHE;ESCOLA ADVENTISTA BORRACHARIA 
ADM;LINHA 03;IDA;MARANHÃO NOVO;DANIEL DE LA TOUCHE;SHOPPING DA ILHA SAÍDA DO CONDOMÍNIO 
ADM;LINHA 03;IDA;IPASE;DANIEL DE LA TOUCHE;SMTT
ADM;LINHA 03;VOLTA;IPASE;DANIEL DE LA TOUCHE;SMTT
ADM;LINHA 03;VOLTA;MARANHÃO NOVO;DANIEL DE LA TOUCHE;SHOPPING DA ILHA SAÍDA DO CONDOMÍNIO 
ADM;LINHA 03;VOLTA;MARANHÃO NOVO;DANIEL DE LA TOUCHE;ESCOLA ADVENTISTA BORRACHARIA 
ADM;LINHA 03;VOLTA;RESIDENCIAL PINHEIROS;AV. UM;PANIFICADORA PINHEIRO
ADM;LINHA 03;VOLTA;RESIDENCIAL PINHEIROS;AV. UM;DEPOSITO DE ÁGUA
ADM;LINHA 03;VOLTA;RESIDENCIAL PINHEIROS;R. BOA ESPERANÇA;MERCADINHO PÃO E CIA ENTRADA DA AV. O2
ADM;LINHA 03;VOLTA;RESIDENCIAL PINHEIROS;R. BOA ESPERANÇA;CONDOMINIO ZEUS
ADM;LINHA 03;VOLTA;RESIDENCIAL PINHEIROS;R. BOA ESPERANÇA;CONDOMINIO GRAPHOS
ADM;LINHA 03;VOLTA;RESIDENCIAL PINHEIROS;TRAVESSA BOA ESPERANÇA;CONDOMINIO BOA ESPERANÇA
ADM;LINHA 03;VOLTA;RESIDENCIAL PINHEIROS;TRAVESSA BOA ESPERANÇA;OFICINA SERGLAUTO CAR
ADM;LINHA 03;VOLTA;RESIDENCIAL ARARAS;R. JACKSON LAGO;RUA JACKSON LAGO COM BOA ESPERANÇA
ADM;LINHA 03;VOLTA;RESIDENCIAL ARARAS;AV. UM;COMERCIAL PADILHA
ADM;LINHA 03;VOLTA;COHAMA;R. DO ARIRIZAL;DIMENSÃO ENGENHARIA
ADM;LINHA 03;VOLTA;COHAMA;R. DO ARIRIZAL;COND. VILLAGE DAS PALMEIRAS
ADM;LINHA 03;VOLTA;COHAMA;R. DO ARIRIZAL;COND. GREEN BLUE
ADM;LINHA 03;VOLTA;COHAMA;R. DO ARIRIZAL;COND. DITALLI
ADM;LINHA 04;IDA;RAPOSA;CENTRO;RUA DA LAVANDERIA
ADM;LINHA 04;IDA;RAPOSA;MA-203;PRAÇA DO ARMAZÉM PARAÍBA
ADM;LINHA 04;IDA;RAPOSA;MA-203;PRAÇA DEPOIS DO CEMITÉRIO
ADM;LINHA 04;IDA;RAPOSA;MA-203;SAM MOTOS
ADM;LINHA 04;IDA;RAPOSA;MA-203;POSTO DE SAÚDE
ADM;LINHA 04;IDA;PIRÂMIDE;MA-203;COMERCIAL MACHADO
ADM;LINHA 04;IDA;PIRÂMIDE;MA-203;POSTO DE GASOLINA
ADM;LINHA 04;IDA;ARAÇAGY;ESTRADA DA MAIOBA;EM FRENTE AO POSTO DE COMBUSTIVEL
ADM;LINHA 04;IDA;PRIMAVERA;AV. CONTORNO SUL;ECO PONTO
ADM;LINHA 04;IDA;COHATRAC;AV. CONTORNO SUL;HAMBURGUERIA
ADM;LINHA 04;IDA;COHATRAC;AV. CONTORNO SUL;MARANHÃO OVOS
ADM;LINHA 04;IDA;COHATRAC;AV. CONTORNO SUL;CASA DO TEMPERO
ADM;LINHA 04;IDA;COHATRAC;AV. CONTORNO SUL;DROGARIA MATOS
ADM;LINHA 04;IDA;COHATRAC;AV. CONTORNO SUL;OTICA ROSE
ADM;LINHA 04;IDA;COHATRAC;AV. CONTORNO SUL;PZZARIA TIO TOMATE
ADM;LINHA 04;IDA;COHATRAC;AV. PRINCIPAL;CONSTRUFORT
ADM;LINHA 04;IDA;JARDIM DAS MARGARIDAS;AV. PRINCIPAL;PANIFICADORA DELICIAS DE MASSAS
ADM;LINHA 04;IDA;JARDIM DAS MARGARIDAS;AV. PRINCIPAL;ESTUDIO MARA OLIVEIRA
ADM;LINHA 04;IDA;JARDIM DAS MARGARIDAS;AV. PRINCIPAL;ULTRA GÁS
ADM;LINHA 04;IDA;JARDIM DAS MARGARIDAS;AV. PRINCIPAL;PONTO FINAL DO MARGARIDA
ADM;LINHA 04;IDA;FORQUILHA;ESTRADA DA MAIOBA;LAVA JATO NO GRAU
ADM;LINHA 04;IDA;FORQUILHA;ESTRADA DA MAIOBA;EM FRENTE A 1001
ADM;LINHA 04;IDA;FORQUILHA;ESTRADA DA MAIOBA;CLINICA DO TRABALHADOR
ADM;LINHA 04;VOLTA;FORQUILHA;ESTRADA DA MAIOBA;CLINICA DO TRABALHADOR
ADM;LINHA 04;VOLTA;FORQUILHA;ESTRADA DA MAIOBA;EM FRENTE A 1001
ADM;LINHA 04;VOLTA;FORQUILHA;ESTRADA DA MAIOBA;LAVA JATO NO GRAU
ADM;LINHA 04;VOLTA;JARDIM DAS MARGARIDAS;AV. PRINCIPAL;PONTO FINAL DO MARGARIDA
ADM;LINHA 04;VOLTA;JARDIM DAS MARGARIDAS;AV. PRINCIPAL;ULTRA GÁS
ADM;LINHA 04;VOLTA;JARDIM DAS MARGARIDAS;AV. PRINCIPAL;ESTUDIO MARA OLIVEIRA
ADM;LINHA 04;VOLTA;JARDIM DAS MARGARIDAS;AV. PRINCIPAL;PANIFICADORA DELICIAS DE MASSAS
ADM;LINHA 04;VOLTA;COHATRAC;AV. CONTORNO SUL;CONSTRUFORT
ADM;LINHA 04;VOLTA;COHATRAC;AV. CONTORNO SUL;PZZARIA TIO TOMATE
ADM;LINHA 04;VOLTA;COHATRAC;AV. CONTORNO SUL;OTICA ROSE
ADM;LINHA 04;VOLTA;COHATRAC;AV. CONTORNO SUL;DROGARIA MATOS
ADM;LINHA 04;VOLTA;COHATRAC;AV. CONTORNO SUL;CASA DO TEMPERO
ADM;LINHA 04;VOLTA;COHATRAC;AV. CONTORNO SUL;MARANHÃO OVOS
ADM;LINHA 04;VOLTA;COHATRAC;AV. CONTORNO SUL;HAMBURGUERIA
ADM;LINHA 04;VOLTA;PRIMAVERA;AV. PRINCIPAL;ECO PONTO
ADM;LINHA 04;VOLTA;ARAÇAGY;ESTRADA DA MAIOBA;EM FRENTE AO POSTO DE COMBUSTIVEL
ADM;LINHA 04;VOLTA;PIRÂMIDE;MA-203;POSTO DE GASOLINA
ADM;LINHA 04;VOLTA;PIRÂMIDE;MA-203;COMERCIAL MACHADO
ADM;LINHA 04;VOLTA;RAPOSA;MA-203;POSTO DE SAÚDE
ADM;LINHA 04;VOLTA;RAPOSA;MA-203;SAM MOTOS
ADM;LINHA 04;VOLTA;RAPOSA;MA-203;PRAÇA DEPOIS DO CEMITÉRIO
ADM;LINHA 04;VOLTA;RAPOSA;MA-203;PRAÇA DO ARMAZÉM PARAÍBA
ADM;LINHA 04;VOLTA;RAPOSA;CENTRO;RUA DA LAVANDERIA
ADM;LINHA 05;IDA;BARRAMAR;AV. DOS HOLANDESES;FEST LANCHE
ADM;LINHA 05;IDA;QUINTAS DO CALHAU;AV. DOS HOLANDESES;SAL E BRASA
ADM;LINHA 05;IDA;QUINTAS DO CALHAU;AV. DOS HOLANDESES;PRIMEIRA PARADA DEPOIS DO GOLDEM
ADM;LINHA 05;IDA;CALHAU;AV. DOS HOLANDESES;BANCO DO NORDESTE
ADM;LINHA 05;IDA;CALHAU;AV. DOS HOLANDESES;IBIS HOTEL
ADM;LINHA 05;IDA;CALHAU;AV. DOS HOLANDESES;AABB
ADM;LINHA 05;IDA;CALHAU;AV. DOS HOLANDESES;POSTO PETROBRAS
ADM;LINHA 05;IDA;CALHAU;AV. DOS HOLANDESES;NOIVISSIMA
ADM;LINHA 05;IDA;CALHAU;AV. DOS HOLANDESES;POSTO SÃO MARCOS
ADM;LINHA 05;IDA;CALHAU;AV. DOS HOLANDESES;COND. FAROL DA ILHA/ RIO POTY HOTEL
ADM;LINHA 05;IDA;CALHAU;AV. DOS HOLANDESES;EXTRA-FARMA DEPOIS PETISCALDOS
ADM;LINHA 05;IDA;CALHAU;AV. DOS HOLANDESES;PRAÇA DO SOL
ADM;LINHA 05;IDA;CALHAU;AV. DOS HOLANDESES;HOTEL VELEIROS
ADM;LINHA 05;IDA;PONTA DA AREIA;AV. DOS HOLANDESES;BANCO DO BRASIL PRÓX. MIRANTE
ADM;LINHA 05;IDA;SÃO FRANCISCO;AV. ANA JANSEN;FOTO SOMBRA
ADM;LINHA 05;IDA;SÃO FRANCISCO;AV. CASTELO BRANCO;ANTIGO BRADESCO CABECEIRA DA PONTE
ADM;LINHA 05;VOLTA;SÃO FRANCISCO;AV. CASTELO BRANCO;EM FRENTE A CAIXA ECONÔMICA
ADM;LINHA 05;VOLTA;SÃO FRANCISCO;AV. CASTELO BRANCO;PARADA DE ÔNIBUS - PRÓX. IGREJA CATÓLICA
ADM;LINHA 05;VOLTA;SÃO FRANCISCO;AV. ANA JANSEN;BANCO DO BRASIL PRÓX. MIRANTE
ADM;LINHA 05;VOLTA;PONTA DAREIA;AV. ANA JANSEN;HOTEL VELEIROS
ADM;LINHA 05;VOLTA;CALHAU;AV. DOS HOLANDESES;CONDOMINIO ACQUABELLE
ADM;LINHA 05;VOLTA;CALHAU;AV. DOS HOLANDESES;PARADA DE ONIBUS HOTEL PREMIER
ADM;LINHA 05;VOLTA;CALHAU;AV. DOS HOLANDESES;POSTO SÃO MARCOS
ADM;LINHA 05;VOLTA;CALHAU;AV. DOS HOLANDESES;ENTRADA DO LUZEIROS PARADA DE ONIBUS
ADM;LINHA 05;VOLTA;CALHAU;AV. DOS HOLANDESES;POSTO PETROBRAS
ADM;LINHA 05;VOLTA;CALHAU;AV. DOS HOLANDESES;AABB
ADM;LINHA 05;VOLTA;CALHAU;AV. DOS HOLANDESES;IBIS HOTEL
ADM;LINHA 05;VOLTA;CALHAU;AV. DOS HOLANDESES;SHOPPING DOS COLCHÕES
ADM;LINHA 05;VOLTA;CALHAU;AV. DOS HOLANDESES;FRIBAL
ADM;LINHA 05;VOLTA;CALHAU;AV. DOS HOLANDESES;GOLDEN SHOPPING
ADM;LINHA 05;VOLTA;QUINTAS DO CALHAU;AV. DOS HOLANDESES;SOL & BRASA
ADM;LINHA 05;VOLTA;BARRAMAR;AV. DOS HOLANDESES;FEST LANCHE
ADM;LINHA 06;IDA;CONJ. NOVO AURORA;R. – 08;ANTES CASA ECONOMICA
ADM;LINHA 06;IDA;CONJ. NOVO AURORA; AV. DO FIO;ESKINA.COM
ADM;LINHA 06;IDA;COHABIANO; AV. DO FIO;MERCADINHO PAG LEVE
ADM;LINHA 06;IDA;COHABIANO; AV. DO FIO;RESTAURANTE DA NELY/ OFICINA DE MOTOS
ADM;LINHA 06;IDA;COHATRAC IV;AV. CONTORNO NORTE;PARADA DE ONIBUS PRÓX. AO PONTO FINAL
ADM;LINHA 06;IDA;COHATRAC IV;AV. CONTORNO NORTE;PEIXARIA - PANIFICADORA PÃO DOURADO
ADM;LINHA 06;IDA;COHATRAC IV;AV. CONTORNO NORTE;EDIFICIO J. P. PINTO
ADM;LINHA 06;IDA;COHATRAC IV;AV. CONTORNO NORTE;DEPÓSITO FORTALEZA - PANIF.  PÃO DOCE
ADM;LINHA 06;IDA;COHATRAC IV;AV. CONTORNO NORTE;PAPELARIA EXCEL -PAIF. PÃO DOURADO
ADM;LINHA 06;IDA;COHATRAC IV;AV. CONTORNO NORTE;VWM - LUXU MODAS
ADM;LINHA 06;IDA;COHATRAC IV;AV. CONTORNO NORTE;F 7 - OFICINA DE MOTOS
ADM;LINHA 06;IDA;COHATRAC IV;AV. CONTORNO LESTE;BAR DO BARBUDO
ADM;LINHA 06;IDA;COHAB;AV JOAQUIM MOCHEL;BAR DO ZÉ MARIA
ADM;LINHA 06;IDA;COHAB;AV. QUATRO;PRAÇA NOVA
ADM;LINHA 06;IDA;COHAB;AV. QUATRO;AO LADO DO TERMINAL DE INTEGRAÇÃO
ADM;LINHA 06;VOLTA;COHAB;AV. QUATRO;AO LADO DO TERMINAL DE INTEGRAÇÃO
ADM;LINHA 06;VOLTA;COHAB;AV. QUATRO;PRAÇA NOVA
ADM;LINHA 06;VOLTA;COHAB;AV JOAQUIM MOCHEL;BAR DO ZÉ MARIA
ADM;LINHA 06;VOLTA;COHATRAC IV;AV. CONTORNO LESTE;BAR DO BARBUDO
ADM;LINHA 06;VOLTA;COHATRAC IV;AV. CONTORNO NORTE;F 7 - OFICINA DE MOTOS
ADM;LINHA 06;VOLTA;COHATRAC IV;AV. CONTORNO NORTE;VWM - LUXU MODAS
ADM;LINHA 06;VOLTA;COHATRAC IV;AV. CONTORNO NORTE;PAPELARIA EXCEL -PAIF. PÃO DOURADO
ADM;LINHA 06;VOLTA;COHATRAC IV;AV. CONTORNO NORTE;DEPÓSITO FORTALEZA - PANIF.  PÃO DOCE
ADM;LINHA 06;VOLTA;COHATRAC IV;AV. CONTORNO NORTE;EDIFICIO J. P. PINTO
ADM;LINHA 06;VOLTA;COHATRAC IV;AV. CONTORNO NORTE;PEIXARIA - PANIFICADORA PÃO DOURADO
ADM;LINHA 06;VOLTA;COHATRAC IV;AV. CONTORNO NORTE;PARADA DE ONIBUS PRÓX. AO PONTO FINAL
ADM;LINHA 06;VOLTA;COHABIANO; AV. DO FIO;RESTAURANTE DA NELY/ OFICINA DE MOTOS
ADM;LINHA 06;VOLTA;COHABIANO; AV. DO FIO;MERCADINHO PAG LEVE
ADM;LINHA 06;VOLTA;CONJ. NOVO AURORA; AV. DO FIO;ESKINA.COM
ADM;LINHA 06;VOLTA;CONJ. NOVO AURORA;R. – 08;ANTES CASA ECONOMICA
ADM;LINHA 07;IDA;ARAÇAGY;AV. DOS HOLANDESES;ALPHA VILLE
ADM;LINHA 07;IDA;ARAÇAGY;AV. DOS HOLANDESES;RAFAELA CENTER
ADM;LINHA 07;IDA;ARAÇAGY;AV. DOS HOLANDESES;BACURY CENTER
ADM;LINHA 07;IDA;ARAÇAGY;AV. DOS HOLANDESES;COSTA DO ARAÇAGY
ADM;LINHA 07;IDA;SOL E MAR;AV. SOL NASCENTE;A RENOVAR
ADM;LINHA 07;IDA;SOL E MAR;AV. SOL NASCENTE;ESCOLA LUZ DO AMANHÃ
ADM;LINHA 07;IDA;SOL E MAR;AV. SOL NASCENTE;PARADA DE ONIBUS QUEIROZ
ADM;LINHA 07;IDA;CHACARA BRASIL TURU;AV. ACRE;PANIFICADORA PÃO NOSSO
ADM;LINHA 07;IDA;CHACARA BRASIL TURU;AV. ACRE;CHICO MATERIAL DE CONSTRUÇÃO
ADM;LINHA 07;IDA;CHACARA BRASIL TURU;AV. ACRE;GALETERIA
ADM;LINHA 07;IDA;CHACARA BRASIL TURU;AV. ACRE;OVO LAR
ADM;LINHA 07;IDA;TURU;AV. ACRE;CANTO DA DELEGACIA
ADM;LINHA 07;IDA;SÃO CRISTOVÃO;AV GUAJAJARAS;GERDAU
ADM;LINHA 07;VOLTA;SÃO CRISTOVÃO;AV GUAJAJARAS;GERDAU
ADM;LINHA 07;VOLTA;TURU;AV. ACRE;CANTO DA DELEGACIA
ADM;LINHA 07;VOLTA;CHACARA BRASIL TURU;AV. ACRE;OVO LAR
ADM;LINHA 07;VOLTA;CHACARA BRASIL TURU;AV. ACRE;GALETERIA
ADM;LINHA 07;VOLTA;CHACARA BRASIL TURU;AV. ACRE;CHICO MATERIAL DE CONSTRUÇÃO
ADM;LINHA 07;VOLTA;CHACARA BRASIL TURU;AV. ACRE;PANIFICADORA PÃO NOSSO
ADM;LINHA 07;VOLTA;SOL E MAR;AV. SOL NASCENTE;PARADA DE ONIBUS QUEIROZ
ADM;LINHA 07;VOLTA;SOL E MAR;AV. SOL NASCENTE;ESCOLA LUZ DO AMANHÃ
ADM;LINHA 07;VOLTA;SOL E MAR;AV. SOL NASCENTE;A RENOVAR
ADM;LINHA 07;VOLTA;ARAÇAGY;AV. DOS HOLANDESES;COSTA DO ARAÇAGY
ADM;LINHA 07;VOLTA;ARAÇAGY;AV. DOS HOLANDESES;BACURY CENTER
ADM;LINHA 07;VOLTA;ARAÇAGY;AV. DOS HOLANDESES;RAFAELA CENTER
ADM;LINHA 07;VOLTA;ARAÇAGY;AV. DOS HOLANDESES;POSTO DE COMBUSTIVEL- ALFA VILLE
ADM;LINHA 07;VOLTA;ARAÇAGY;ESTRADA DA MAIOBA;POSTO DE COMBUSTIVEL- PRAIANO
ADM;LINHA 08;IDA;DIAMANTE;AV. VENCESLAU BRÁZ ;AV. VENCESLAU BRÁZ 
ADM;LINHA 08;IDA;COREIA;AV. KENNEDY;PRAÇA DA BÍBLIA
ADM;LINHA 08;IDA;FÁTIMA;AV. KENNEDY;ANTIGA ANHANGUERA
ADM;LINHA 08;IDA;FÁTIMA;AV. KENNEDY;TELLES MAT. DE CONDTRUÇÃO
ADM;LINHA 08;IDA;FÁTIMA;AV. KENNEDY;POSTO SANTA LUZIA, APÓS O GUARÁS
ADM;LINHA 08;IDA;JOÃO PAULO;AV. JOÃO PESSOA;BANCO SANTANDER/ 24 BC
ADM;LINHA 08;IDA;JOÃO PAULO;AV. JOÃO PESSOA;BRADESCO/ IGREJA SÃO JUDAS TADEU
ADM;LINHA 08;IDA;JOÃO PAULO;AV. JOÃO PESSOA;VAREJÃO DOS CALÇADOS
ADM;LINHA 08;IDA;JOÃO PAULO;AV. JOÃO PESSOA;FEIRA DO JOÃO PAULO
ADM;LINHA 08;IDA;FILIPINHO;AV. JOÃO PESSOA;SEST/SENAT
ADM;LINHA 08;IDA;FILIPINHO;AV. SÃO MARCAL;COLÉGIO MASTER
ADM;LINHA 08;IDA;FILIPINHO;AV. SÃO MARCAL;POSTO SHELL
ADM;LINHA 08;VOLTA;FILIPINHO;AV. SÃO MARCAL;POSTO SHELL - 
ADM;LINHA 08;VOLTA;FILIPINHO;AV. SÃO MARCAL;COLÉGIO MASTER
ADM;LINHA 08;VOLTA;FILIPINHO;AV. JOÃO PESSOA;SEST/SENAT
ADM;LINHA 08;VOLTA;JOÃO PAULO;AV. JOÃO PESSOA;FEIRA DO JOÃO PAULO
ADM;LINHA 08;VOLTA;JOÃO PAULO;AV. JOÃO PESSOA;VAREJÃO DOS CALÇADOS
ADM;LINHA 08;VOLTA;JOÃO PAULO;AV. JOÃO PESSOA;BRADESCO/ IGREJA SÃO JUDAS TADEU
ADM;LINHA 08;VOLTA;JOÃO PAULO;AV. JOÃO PESSOA;BANCO SANTANDER/ 24 BC
ADM;LINHA 08;VOLTA;FÁTIMA;AV. KENNEDY;POSTO SANTA LUZIA, APÓS O GUARÁS
ADM;LINHA 08;VOLTA;FÁTIMA;AV. KENNEDY;TELLES MAT. DE CONSTRUÇÃO
ADM;LINHA 08;VOLTA;FÁTIMA;AV. KENNEDY;ANTIGA ANHANGUERA
ADM;LINHA 08;VOLTA;COREIA;AV. KENNEDY;PRAÇA DA BÍBLIA
ADM;LINHA 09;IDA;TIRADENTES;R. DA SECRETARIA;PRAÇA DA FAMILIA
ADM;LINHA 09;IDA;TIRADENTES;R. DA SECRETARIA;COMERCIAL FAMÍLIA FELIZ
ADM;LINHA 09;IDA;TIRADENTES;R. DA SECRETARIA;COND. JASMIM
ADM;LINHA 09;IDA;SANTA CLARA;R. TRES AMIGOS;PONTO FINAL DOS ÔNIBUS
ADM;LINHA 09;IDA;SANTA CLARA;AV. DA SANTA CLARA;IGREJA UNIVERSAL
ADM;LINHA 09;IDA;SANTA CLARA;AV. DA SANTA CLARA;ELDI MATERIAL DE CONSTRUÇÃO
ADM;LINHA 09;IDA;SANTA CLARA;AV. DA SANTA CLARA;PANIFICADORA SOUZA
ADM;LINHA 09;IDA;SANTA CLARA;AV. DA SANTA CLARA;CASA DA JUÇARA
ADM;LINHA 09;IDA;SANTA CLARA;AV. DA SANTA CLARA;COMERCIAL SÃO JOÃO
ADM;LINHA 09;IDA;CIDADE OPERARIA;AV. 105;BIKE MOTOS – ATRAS DO NASC. DE MORAES
ADM;LINHA 09;IDA;CIDADE OPERARIA;AV. 105;COMERCIAL ELANE
ADM;LINHA 09;IDA;CIDADE OPERARIA;AV. 105;RESENHA BUTECO
ADM;LINHA 09;IDA;SANTA EFIGENIA;R. JOÃO ALBERTO;PADARIA GABI ESQ. R NOVA PRINCESA
ADM;LINHA 09;IDA;SANTA EFIGENIA;R. JOÃO ALBERTO;FRANGO FORT
ADM;LINHA 09;IDA;CIDADE OPERÁRIA;AV. PRINCIPAL;OTICA CLINICA DOS OLHOS
ADM;LINHA 09;IDA;CIDADE OPERÁRIA;AV. PRINCIPAL;HÉLIO PEÇAS
ADM;LINHA 09;IDA;JARDIM SÃO CRISTOVÃO ;AV CÔNEGO RIBAMAR CARVALHO ;MARCELO FARÓIS 
ADM;LINHA 09;VOLTA;CIDADE OPERÁRIA;AV. PRINCIPAL;HÉLIO PEÇAS
ADM;LINHA 09;VOLTA;CIDADE OPERÁRIA;AV. PRINCIPAL;OTICA CLINICA DOS OLHOS
ADM;LINHA 09;VOLTA;JARDIM SÃO CRISTOVÃO;R. CONEGO RIBAMAR CARVALHO;OFICINA J PEÇAS
ADM;LINHA 09;VOLTA;SANTA EFIGENIA;R. JOÃO ALBERTO;FRANGO FORT
ADM;LINHA 09;VOLTA;SANTA EFIGENIA;R. JOÃO ALBERTO;PADARIA GABI ESQ. R NOVA PRINCESA
ADM;LINHA 09;VOLTA;CIDADE OPERARIA;AV. 105;RESENHA BUTECO
ADM;LINHA 09;VOLTA;CIDADE OPERARIA;AV. 105;COMERCIAL ELANE
ADM;LINHA 09;VOLTA;CIDADE OPERARIA;AV. 105;BIKE MOTOS – ATRAS DO NASC.  DE MORAES
ADM;LINHA 09;VOLTA;SANTA CLARA;AV. DA SANTA CLARA;COMERCIAL SÃO JOÃO
ADM;LINHA 09;VOLTA;SANTA CLARA;AV. DA SANTA CLARA;CASA DA JUÇARA
ADM;LINHA 09;VOLTA;SANTA CLARA;AV. DA SANTA CLARA;PANIFICADORA SOUZA
ADM;LINHA 09;VOLTA;SANTA CLARA;AV. DA SANTA CLARA;ELDI MATERIAL DE CONSTRUÇÃO
ADM;LINHA 09;VOLTA;SANTA CLARA;AV. DA SANTA CLARA;ELDI MATERIAL DE CONSTRUÇÃO
ADM;LINHA 09;VOLTA;SANTA CLARA;R. TRES AMIGOS;PONTO FINAL DOS ÔNIBUS
ADM;LINHA 09;VOLTA;TIRADENTES;R. DA SECRETARIA;COND. JASMIM
ADM;LINHA 09;VOLTA;TIRADENTES;R. DA SECRETARIA;COMERCIAL FAMÍLIA FELIZ
ADM;LINHA 09;VOLTA;TIRADENTES;R. DA SECRETARIA;PRAÇA DA FAMILIA
ADM;LINHA 10;IDA;VILA NOVA;AV. JOSÉ SARNEY;SAÍDA DA MAURO FECURY I
ADM;LINHA 10;IDA;VILA NOVA;AV. JOSÉ SARNEY;POSTO DE SAÚDE – PRAÇA
ADM;LINHA 10;IDA;VILA NOVA;AV. JOSÉ SARNEY;ROTATÓRIA DO HOSTAL AQUILES LISBOA
ADM;LINHA 10;IDA;VILA NOVA;AV. JOSÉ SARNEY;FRIGORÍFICO DIJÉ
ADM;LINHA 10;IDA;MAURO FECURY I;AV. JOSÉ SARNEY;COMERCIAL GUSMÃO
ADM;LINHA 10;IDA;MAURO FECURY I;AV. JOSÉ SARNEY;MIX DOS CEREAIS
ADM;LINHA 10;IDA;MAURO FECURY I;AV. JOSÉ SARNEY;COMPANHIA DA FARINHA
ADM;LINHA 10;VOLTA;MAURO FECURY I;AV. JOSÉ SARNEY;COMPANHIA DA FARINHA
ADM;LINHA 10;VOLTA;MAURO FECURY I;AV. JOSÉ SARNEY;MIX DOS CEREAIS
ADM;LINHA 10;VOLTA;MAURO FECURY I;AV. JOSÉ SARNEY;COMERCIAL GUSMÃO
ADM;LINHA 10;VOLTA;VILA NOVA;AV. JOSÉ SARNEY;FRIGORÍFICO DIJÉ
ADM;LINHA 10;VOLTA;VILA NOVA;AV. JOSÉ SARNEY;ROTATÓRIA DO HOSTAL AQUILES LISBOA
ADM;LINHA 10;VOLTA;VILA NOVA;AV. JOSÉ SARNEY;PSTO DE SAÚDE – PRAÇA
ADM;LINHA 10;VOLTA;VILA NOVA;AV. JOSÉ SARNEY;SAÍDA DA MAURO FECURY I
ADM;LINHA 11;IDA;AMENDOEIRAS;AV. PRINCIPAL;OFICINA DO JUNIOR
ADM;LINHA 11;IDA;AMENDOEIRAS;AV. PRINCIPAL;ESQUINA COM A RUA 08
ADM;LINHA 11;IDA;MARACANÃ;AV. EVANDRO BESSA;CANIL
ADM;LINHA 11;IDA;MARACANÃ;AV. EVANDRO BESSA;PARQUE DA JUÇARA
ADM;LINHA 11;IDA;MARACANÃ;AV. EVANDRO BESSA;CAMPO DA ALEGRIA
ADM;LINHA 11;IDA;MARACANÃ;AV. EVANDRO BESSA;"FRIG. E VARIEDADES ""RG"""
ADM;LINHA 11;IDA;MARACANÃ;AV. EVANDRO BESSA;ANTIGO PONTO FINAL
ADM;LINHA 11;IDA;MARACANÃ;AV. EVANDRO BESSA;RESIDENCIAL VILA MARANHÃO
ADM;LINHA 11;IDA;MARACANÃ;AV. EVANDRO BESSA;IGREJA BATISTA DO ANGELIM
ADM;LINHA 11;IDA;MARACANÃ;AV. EVANDRO BESSA;SEDE DO BOI
ADM;LINHA 11;IDA;VILA SAMARA;AV. PRINCIPAL;VILA SAMARA
ADM;LINHA 11;IDA;COQUEIRO;AV. PRINCIPAL;CERAMICA
ADM;LINHA 11;IDA;COQUEIRO;AV. PRINCIPAL;ROSA DO DESERTO, PR´X. AO CAMPO
ADM;LINHA 11;IDA;ESTIVA;BR-135;PONTO FINAL DOS ONIBUS
ADM;LINHA 11;IDA;COQUEIRO;R. PRINCIPAL;POSTO FISCAL
ADM;LINHA 11;IDA;COQUEIRO;R. PRINCIPAL;ENTRADO IGARAÚ
ADM;LINHA 11;IDA;IGARAU;ESTRADA DO COQUEIRO;IGARAÚ
ADM;LINHA 11;IDA;IGARAU;ESTRADA DO COQUEIRO;GALPÃO DA MANSERV
ADM;LINHA 11;VOLTA;IGARAÚ;ESTRADA DO COQUEIRO;GALPÃO DA MANSERV
ADM;LINHA 11;VOLTA;IGARAÚ;ESTRADA DO COQUEIRO;PANIFICADORA PRÓXIMO À COCA COLA
ADM;LINHA 11;VOLTA;VILA SAMARA;AV. PRINCIPAL;VILA SAMARA
ADM;LINHA 11;VOLTA;COQUEIRO;AV. PRINCIPAL;ROSA DO DESERTO, PR´X. AO CAMPO
ADM;LINHA 11;VOLTA;COQUEIRO;AV. PRINCIPAL;CERAMICA
ADM;LINHA 11;VOLTA;ESTIVA;BR 135;PONTO FINAL 
ADM;LINHA 11;VOLTA;IGARAÚ;BR 135;IGARAÚ
ADM;LINHA 11;VOLTA;IGARAÚ;BR 135;PSIU
ADM;LINHA 11;VOLTA;MARACANÃ;AV. EVANDRO BESSA;SEDE DO BOI
ADM;LINHA 11;VOLTA;MARACANÃ;AV. EVANDRO BESSA;IGREJA BATISTA DO ANGELIM
ADM;LINHA 11;VOLTA;MARACANÃ;AV. EVANDRO BESSA;PARQUE DA JUÇARA
ADM;LINHA 11;VOLTA;MARACANÃ;AV. EVANDRO BESSA;CAMPO DO ALEGRIA
ADM;LINHA 11;VOLTA;MARACANÃ;AV. EVANDRO BESSA;"FRIG. E VARIEDADES ""RG"""
ADM;LINHA 11;VOLTA;MARACANÃ;AV. EVANDRO BESSA;ANTIGO PONTO FINAL
ADM;LINHA 11;VOLTA;MARACANÃ;AV. EVANDRO BESSA;RESID VILA MARANHÃO
ADM;LINHA 11;VOLTA;MARACANÃ;AV. EVANDRO BESSA;CANIL
ADM;LINHA 11;VOLTA;AMENDOEIRAS;AV. EVANDRO BESSA;ESQUINA COM A RUA 08
ADM;LINHA 11;VOLTA;AMENDOEIRAS;AV. EVANDRO BESSA;OFICINA DO JUNIOR
ADM;LINHA 12;IDA;CIDADE VERDE;AV. B;ESQUINA COM RUA DOZE 
ADM;LINHA 12;IDA;CIDADE VERDE;AV. B;ESQUINA COM RUA SETE
ADM;LINHA 12;IDA;CIDADE VERDE;AV. B;ESQUINA COM RUA QUATRO
ADM;LINHA 12;IDA;NOVO HORIZONTE;AV. PRINCIPAL;COMERCIAL ROCHA
ADM;LINHA 12;IDA;NOVO HORIZONTE;AV 04;QUADRA DE ESPORTES
ADM;LINHA 12;IDA;NOVO HORIZONTE;AV 04;COMERCIAL 
ADM;LINHA 12;IDA;MARLY ABDALA;AV. DO SINDICATO;IGREJA UNIVERSAL
ADM;LINHA 12;IDA;VILA CAFETEIRA;AV. 05;CANTO DA RUA 04 E AV 05
ADM;LINHA 12;IDA;VILA CAFETEIRA;AV. 5;POSTO JULIA CAMPOS
ADM;LINHA 12;IDA;PARANÃ;AV. 01;COMERCIAL ARAUJO
ADM;LINHA 12;IDA;PARANÃ;AV. CONTORNO LESTE;FARMACIA PARANÃ
ADM;LINHA 12;IDA;PARANÃ;AV. CONTORNO SUL;POSTO PARANÃ/ COLEGIO PIUPIU
ADM;LINHA 12;IDA;MAIOBÃO;AV. DOZE;CENTRO DE OLHOS
ADM;LINHA 12;IDA;MAIOBÃO;AV. DOZE;COMERCIAL APARDIZ
ADM;LINHA 12;IDA;MAIOBÃO;AV. DOZE;COMERCIAL MENEZES/ LAVA A JATO
ADM;LINHA 12;VOLTA;MAIOBÃO;AV. DOZE;COMERCIAL MENEZES/ LAVA A JATO
ADM;LINHA 12;VOLTA;MAIOBÃO;AV. DOZE;COMERCIAL APARDIZ
ADM;LINHA 12;VOLTA;MAIOBÃO;AV. DOZE;CENTRO DE OLHOS
ADM;LINHA 12;VOLTA;PARANÃ;AV. CONTORNO SUL;POSTO PARANÃ/ COLEGIO PIUPIU
ADM;LINHA 12;VOLTA;PARANÃ;AV. CONTORNO LESTE;FARMACIA PARANÃ
ADM;LINHA 12;VOLTA;PARANÃ;AV. 01;COMERCIAL ARAUJO
ADM;LINHA 12;VOLTA;VILA CAFETEIRA;AV. 05;POSTO JULIA CAMPOS
ADM;LINHA 12;VOLTA;VILA CAFETEIRA;AV. 5;CANTO DA RUA 04 E AV 05
ADM;LINHA 12;VOLTA;MARLY ABDALA;AV. DO SINDICATO;IGREJA UNIVERSAL
ADM;LINHA 12;VOLTA;NOVO HORIZONTE;AV 04;COMERCIAL 
ADM;LINHA 12;VOLTA;NOVO HORIZONTE;AV 04;QUADRA DE ESPORTES
ADM;LINHA 12;VOLTA;NOVO HORIZONTE;AV. PRINCIPAL;COMERCIAL ROCHA
ADM;LINHA 12;VOLTA;CIDADE VERDE;AV. B;ESQUINA COM RUA QUATRO
ADM;LINHA 12;VOLTA;CIDADE VERDE;AV. B;ESQUINA COM RUA SETE
ADM;LINHA 12;VOLTA;CIDADE VERDE;AV. B;ESQUINA COM RUA DOZE 
ADM;LINHA 13;IDA;ITAPIRACÓ;AV. CELSO COUTINHO;BORRACHARIA
ADM;LINHA 13;IDA;ITAPIRACÓ;AV. CELSO COUTINHO;EM FREATE IGREJA EVANGÉLICA
ADM;LINHA 13;IDA;ITAPIRACÓ;AV. CELSO COUTINHO;OLIVEIRA DESIGNER
ADM;LINHA 13;IDA;ITAPIRACÓ;AV. CELSO COUTINHO;POSTO DE SAÚDE
ADM;LINHA 13;IDA;PARQUE VITÓRIA;AV. DA VITÓRIA;AGRO PET
ADM;LINHA 13;IDA;ALTO DO TURU;R. DA MANGUEIRA;PRÓXIMO A ALFA MARMORES E GRANITOS
ADM;LINHA 13;IDA;ALTO DO TURU;R. 14;RUA 14
ADM;LINHA 13;IDA;ALTO DO TURU;AV PRINCIPAL;POSTO DE COMBUSTIVEL
ADM;LINHA 13;IDA;ALTO DO TURU;AV PRINCIPAL;ESCOLA MUNICIPAL ALTO DO TURU
ADM;LINHA 13;IDA;ALTO DO TURU;AV PRINCIPAL;PEREIRA CONSTRUÇÃO
ADM;LINHA 13;IDA;ALTO DO TURU;AV PRINCIPAL;PANIFICADORA PÃO E VIDA
ADM;LINHA 13;IDA;JARDIM TURU;AV PRINCIPAL;PRAÇA DA FAMILIA
ADM;LINHA 13;IDA;JARDIM TURU;AV PRINCIPAL;DEPÓSITO FRAZÃO
ADM;LINHA 13;IDA;JARDIM TURU;AV PRINCIPAL;HP FARMA
ADM;LINHA 13;IDA;JARDIM TURU;R. DA VITÓRIA;AMENDOEIRAS BAR/ CAJUEIRO
ADM;LINHA 13;IDA;JARDIM TURU;R. DA VITÓRIA;FRIGORIFICO AZEVEDO
ADM;LINHA 13;IDA;JARDIM TURU;R. DA VITÓRIA;FRIGORIFICO CANAÃ
ADM;LINHA 13;IDA;JARDIM TURU;R. DA VITÓRIA;PRÓXIMO AO COMERCIAL ARAÚJO
ADM;LINHA 13;IDA;PARQUE VITÓRIA;R. DA VITÓRIA;PANIFICADORA PÃO DELICIA
ADM;LINHA 13;IDA;PARQUE VITÓRIA;R. DA VITÓRIA;EXTRA FARMA
ADM;LINHA 13;IDA;PARQUE VITÓRIA;R. DA VITÓRIA;PANIFICADORA E PIZZARIA RAINHA
ADM;LINHA 13;IDA;IPEM TURU;ESTRADA DA VITÓRIA;PARADA DE ONIBUS
ADM;LINHA 13;VOLTA;IPEM TURU;ESTRADA DA VITÓRIA;PARADA DE ONIBUS
ADM;LINHA 13;VOLTA;TURU;R. DO DESTERRO;COND. DEL MARE
ADM;LINHA 13;VOLTA;TURU;R. DO DESTERRO;COND. TUPINAMBÁ
ADM;LINHA 13;VOLTA;PARQUE VITÓRIA;R. DA VITÓRIA;XIMENES BIFFET
ADM;LINHA 13;VOLTA;PARQUE VITÓRIA;R. DA VITÓRIA;ARENA PLAY
ADM;LINHA 13;VOLTA;PARQUE VITÓRIA;R. DA VITÓRIA;FRIBAL
ADM;LINHA 13;VOLTA;PARQUE VITÓRIA;R. DA VITÓRIA;MIX JESUS
ADM;LINHA 13;VOLTA;PARQUE VITÓRIA;R. DA VITÓRIA;PRAÇA DA IGREJA CATÓLICA
ADM;LINHA 13;VOLTA;JARDIM TURU;R. DA VITÓRIA;FRIGORIFICO CANAÃ
ADM;LINHA 13;VOLTA;JARDIM TURU;JARDIM TURU;HP FARMA
ADM;LINHA 13;VOLTA;JARDIM TURU;JARDIM TURU;DEPÓSITO FRAZÃO
ADM;LINHA 13;VOLTA;JARDIM TURU;JARDIM TURU;PRAÇA DA FAMILIA
ADM;LINHA 13;VOLTA;JARDIM TURU;AV PRINCIPAL;AUTO POSTO TURU
ADM;LINHA 13;VOLTA;JARDIM TURU;AV PRINCIPAL;PEREIRA CONSTRUÇÃO
ADM;LINHA 13;VOLTA;JARDIM TURU;AV PRINCIPAL;SABOREAR PADARIA
ADM;LINHA 13;VOLTA;ALTO DO TURU;AV PRINCIPAL;ESCOLA MUNICIPAL ALTO DO TURU
ADM;LINHA 13;VOLTA;ALTO DO TURU;AV PRINCIPAL;RUA 14
ADM;LINHA 13;VOLTA;ALTO DO TURU;AV PRINCIPAL;POSTO DE COMBUSTIVEL
ADM;LINHA 13;VOLTA;ALTO DO TURU;R. DA MANGUEIRA;PRÓXIMO A ALFA MARMORES E GRANITOS
ADM;LINHA 13;VOLTA;ALTO DO TURU;AV. DA VITÓRIA;AGRO PET
ADM;LINHA 13;VOLTA;ITAPIRACÓ;AV. CELSO COUTINHO;POSTO DE SAÚDE
ADM;LINHA 13;VOLTA;ITAPIRACÓ;AV. CELSO COUTINHO;OLIVEIRA DESIGNER
ADM;LINHA 13;VOLTA;ITAPIRACÓ;AV. CELSO COUTINHO;EM FREATE IGREJA EVANGÉLICA
ADM;LINHA 13;VOLTA;ITAPIRACÓ;AV. CELSO COUTINHO;BORRACHARIA
ADM;LINHA 14;IDA;JARDIM TROPICAL;AV. PARAISO;PONTO FINAL DAS VANS-COLEGIO MILITAR
ADM;LINHA 14;IDA;JARDIM TROPICAL;AV. PARAISO;DELEGACIA
ADM;LINHA 14;IDA;JARDIM TROPICAL;R. RIO GRANDE DO SUL;EM FRENTE A PRAÇA
ADM;LINHA 14;IDA;JARDIM TROPICAL;AV TANCREDO NEVES;POSTO DE SAÚDE 
ADM;LINHA 14;IDA;JARDIM TROPICAL;AV TANCREDO NEVES;CODOMINIO SÃO JOSE V
ADM;LINHA 14;IDA;JARDIM TROPICAL;AV TANCREDO NEVES;EM FRENTE AO MATEUS
ADM;LINHA 14;IDA;CIDADE OPERARIA - 101;AV NORTE EXTERNA;POSTO DE COMBUSTIVEL FERRAZ
ADM;LINHA 14;IDA;CIDADE OPERARIA - 101;AV NORTE EXTERNA;FARMACIA GLOBO
ADM;LINHA 14;IDA;CIDADE OPERARIA - 101;AV NORTE EXTERNA;PANIFICADORA BRASIL
ADM;LINHA 14;IDA;CIDADE OPERARIA - 101;AV NORTE INTERNA;ESCOLA ROSA DE SAROM
ADM;LINHA 14;IDA;CIDADE OPERARIA - 101;AV NORTE INTERNA;VIVA DA MAIOBINHA - PADARIA
ADM;LINHA 14;IDA;CIDADE OPERARIA - 101;AV OESTE INTERNA;CONDOMINIO MULT.COM
ADM;LINHA 14;IDA;CIDADE OPERARIA - 201;AV. PRINCIPAL;HORTI FRUTI DA PATY
ADM;LINHA 14;IDA;JD SÃO CRISTOVÃO;LORENÇO VIEIRA DA SILVA;BR  MANIA , PROXIMO A BARRACA DE PAU
ADM;LINHA 14;IDA;SÃO CRISTOVÃO;AV. GUAJAJARAS;MOTEL DIAMANTE
ADM;LINHA 14;IDA;SÃO CRISTOVÃO;AV. GUAJAJARAS;SHOPPING MARAJÓ
ADM;LINHA 14;VOLTA;SÃO CRISTOVÃO;AV. GUAJAJARAS;ESCOLA  CEM SÃO CRISTOVÃO 
ADM;LINHA 14;VOLTA;SÃO CRISTOVÃO;AV. GUAJAJARAS;SHOPPING MARAJÓ
ADM;LINHA 14;VOLTA;JD. SÃO CRISTÓVÃO;R. JOSE SARNEY;OFICINA MECANICA GPE
ADM;LINHA 14;VOLTA;JD. SÃO CRISTÓVÃO;AV. 02;HOTEL EXPRESS
ADM;LINHA 14;VOLTA;CIDADE OPERARIA - 201;LORENÇO VIEIRA DA SILVA;MOTEL DIAMANTE
ADM;LINHA 14;VOLTA;CIDADE OPERARIA - 201;AV. PRINCIPAL;BARRACA DE PAU
ADM;LINHA 14;VOLTA;CIDADE OPERARIA - 201;AV OESTE INTERNA;HORTIFRUT DA PATY
ADM;LINHA 14;VOLTA;MAIOBINHA;AV NORTE INTERNA;CONDOMINIO MULT.COM
ADM;LINHA 14;VOLTA;MAIOBINHA;AV NORTE INTERNA;PANIFICADORO TIANA
ADM;LINHA 14;VOLTA;MAIOBINHA;AV NORTE INTERNA;ECO PONTO
ADM;LINHA 14;VOLTA;CIDADE OPERARIA - 101;R. 101;ESCOLA ROSA DE SAROM
ADM;LINHA 14;VOLTA;CIDADE OPERARIA - 101;R. 101;PANIFICADORA BRASIL
ADM;LINHA 14;VOLTA;CIDADE OPERARIA - 101;AV NORTE EXTERNA;EM FRENTE AO ATACADÃO DA MADEIRAS
ADM;LINHA 14;VOLTA;JARDIM TROPICAL;AV TANCREDO NEVES;POSTO DE COMBUSTIVEL
ADM;LINHA 14;VOLTA;JARDIM TROPICAL;AV TANCREDO NEVES;EM FRENTE AO MATEUS
ADM;LINHA 14;VOLTA;JARDIM TROPICAL;R. RIO GRANDE DO SUL;CODOMINIO SÃO JOSE V
ADM;LINHA 14;VOLTA;JARDIM TROPICAL;AV. PARAISO;VIVA
ADM;LINHA 14;VOLTA;JARDIM TROPICAL;AV. PARAISO;PONTO FINAL DAS VANS 
